{"cameraMode":{"drawMode":0,"name":"Shaded","section":"Shading Mode"},"sceneLighting":true,"audioPlay":false,"sceneViewState":{"showFog":true,"showMaterialUpdate":false,"showSkybox":true,"showFlares":true,"showImageEffects":true,"showParticleSystems":true},"in2DMode":false,"pivot":{"x":8.446188926696778,"y":11.233712196350098,"z":-0.20954754948616029},"rotation":{"x":0.3439500033855438,"y":-0.6158809065818787,"z":0.340869277715683,"w":0.6214487552642822},"size":0.18077683448791505,"orthographic":false}