{"cameraMode":{"drawMode":0,"name":"Shaded","section":"Shading Mode"},"sceneLighting":true,"audioPlay":false,"sceneViewState":{"showFog":true,"showMaterialUpdate":false,"showSkybox":true,"showFlares":true,"showImageEffects":true,"showParticleSystems":true},"in2DMode":false,"pivot":{"x":-2.7638330459594728,"y":-0.05542898178100586,"z":-3.383174180984497},"rotation":{"x":-0.07265952974557877,"y":0.7186259627342224,"z":-0.07595925778150559,"w":-0.6874080300331116},"size":6.607396125793457,"orthographic":false}